DatabaseName,ParentSchema,ParentTable,ColumnName,ColumnOrder,DataType,ColumnSize,ConstraintType,ChildSchema,ChildTable,ChildColumn
fixflow,public,cache,key,1,character varying,255,PRIMARY KEY,,,
fixflow,public,cache,value,2,text,,,,,
fixflow,public,cache,expiration,3,bigint,,,,,
fixflow,public,cache_locks,key,1,character varying,255,PRIMARY KEY,,,
fixflow,public,cache_locks,owner,2,character varying,255,,,,
fixflow,public,cache_locks,expiration,3,bigint,,,,,
fixflow,public,failed_jobs,id,1,bigint,,PRIMARY KEY,,,
fixflow,public,failed_jobs,uuid,2,character varying,255,UNIQUE,,,
fixflow,public,failed_jobs,connection,3,character varying,255,,,,
fixflow,public,failed_jobs,queue,4,character varying,255,,,,
fixflow,public,failed_jobs,payload,5,text,,,,,
fixflow,public,failed_jobs,exception,6,text,,,,,
fixflow,public,failed_jobs,failed_at,7,timestamp without time zone,,,,,
fixflow,public,invoices,id,1,bigint,,PRIMARY KEY,,,
fixflow,public,invoices,invoice_number,2,character varying,255,UNIQUE,,,
fixflow,public,invoices,repair_request_id,3,bigint,,FOREIGN KEY,public,repair_requests,id
fixflow,public,invoices,repair_request_id,3,bigint,,UNIQUE,,,
fixflow,public,invoices,user_id,4,bigint,,FOREIGN KEY,public,users,id
fixflow,public,invoices,service_charge,5,numeric,,,,,
fixflow,public,invoices,parts_cost,6,numeric,,,,,
fixflow,public,invoices,discount,7,numeric,,,,,
fixflow,public,invoices,total,8,numeric,,,,,
fixflow,public,invoices,payment_status,9,character varying,255,,,,
fixflow,public,invoices,created_at,10,timestamp without time zone,,,,,
fixflow,public,invoices,updated_at,11,timestamp without time zone,,,,,
fixflow,public,invoices,payment_method,12,character varying,255,,,,
fixflow,public,invoices,stripe_checkout_session_id,13,character varying,255,,,,
fixflow,public,invoices,stripe_payment_intent_id,14,character varying,255,,,,
fixflow,public,invoices,paid_at,15,timestamp without time zone,,,,,
fixflow,public,job_batches,id,1,character varying,255,PRIMARY KEY,,,
fixflow,public,job_batches,name,2,character varying,255,,,,
fixflow,public,job_batches,total_jobs,3,integer,,,,,
fixflow,public,job_batches,pending_jobs,4,integer,,,,,
fixflow,public,job_batches,failed_jobs,5,integer,,,,,
fixflow,public,job_batches,failed_job_ids,6,text,,,,,
fixflow,public,job_batches,options,7,text,,,,,
fixflow,public,job_batches,cancelled_at,8,integer,,,,,
fixflow,public,job_batches,created_at,9,integer,,,,,
fixflow,public,job_batches,finished_at,10,integer,,,,,
fixflow,public,jobs,id,1,bigint,,PRIMARY KEY,,,
fixflow,public,jobs,queue,2,character varying,255,,,,
fixflow,public,jobs,payload,3,text,,,,,
fixflow,public,jobs,attempts,4,smallint,,,,,
fixflow,public,jobs,reserved_at,5,integer,,,,,
fixflow,public,jobs,available_at,6,integer,,,,,
fixflow,public,jobs,created_at,7,integer,,,,,
fixflow,public,messages,id,1,bigint,,PRIMARY KEY,,,
fixflow,public,messages,repair_request_id,2,bigint,,FOREIGN KEY,public,repair_requests,id
fixflow,public,messages,user_id,3,bigint,,FOREIGN KEY,public,users,id
fixflow,public,messages,body,4,text,,,,,
fixflow,public,messages,read_at,5,timestamp without time zone,,,,,
fixflow,public,messages,created_at,6,timestamp without time zone,,,,,
fixflow,public,messages,updated_at,7,timestamp without time zone,,,,,
fixflow,public,migrations,id,1,integer,,PRIMARY KEY,,,
fixflow,public,migrations,migration,2,character varying,255,,,,
fixflow,public,migrations,batch,3,integer,,,,,
fixflow,public,password_reset_tokens,email,1,character varying,255,PRIMARY KEY,,,
fixflow,public,password_reset_tokens,token,2,character varying,255,,,,
fixflow,public,password_reset_tokens,created_at,3,timestamp without time zone,,,,,
fixflow,public,repair_requests,id,1,bigint,,PRIMARY KEY,,,
fixflow,public,repair_requests,reference,2,character varying,255,UNIQUE,,,
fixflow,public,repair_requests,user_id,3,bigint,,FOREIGN KEY,public,users,id
fixflow,public,repair_requests,technician_id,4,bigint,,FOREIGN KEY,public,users,id
fixflow,public,repair_requests,device_type,5,character varying,255,,,,
fixflow,public,repair_requests,brand,6,character varying,255,,,,
fixflow,public,repair_requests,model,7,character varying,255,,,,
fixflow,public,repair_requests,serial_number,8,character varying,255,,,,
fixflow,public,repair_requests,issue_description,9,text,,,,,
fixflow,public,repair_requests,priority,10,character varying,255,,,,
fixflow,public,repair_requests,status,11,character varying,255,,,,
fixflow,public,repair_requests,image_path,12,character varying,255,,,,
fixflow,public,repair_requests,created_at,13,timestamp without time zone,,,,,
fixflow,public,repair_requests,updated_at,14,timestamp without time zone,,,,,
fixflow,public,repair_requests,diagnosis_notes,15,text,,,,,
fixflow,public,repair_requests,fulfillment_status,16,character varying,255,,,,
fixflow,public,repair_requests,fulfillment_method,17,character varying,255,,,,
fixflow,public,repair_requests,delivery_address,18,text,,,,,
fixflow,public,repair_requests,quote_service_charge,19,numeric,,,,,
fixflow,public,repair_requests,quote_parts_cost,20,numeric,,,,,
fixflow,public,repair_requests,quote_discount,21,numeric,,,,,
fixflow,public,repair_requests,diagnosis_fee,22,numeric,,,,,
fixflow,public,repair_requests,quote_notes,23,text,,,,,
fixflow,public,repair_requests,quoted_at,24,timestamp without time zone,,,,,
fixflow,public,repair_requests,quote_responded_at,25,timestamp without time zone,,,,,
fixflow,public,sessions,id,1,character varying,255,PRIMARY KEY,,,
fixflow,public,sessions,user_id,2,bigint,,,,,
fixflow,public,sessions,ip_address,3,character varying,45,,,,
fixflow,public,sessions,user_agent,4,text,,,,,
fixflow,public,sessions,payload,5,text,,,,,
fixflow,public,sessions,last_activity,6,integer,,,,,
fixflow,public,technician_applications,id,1,bigint,,PRIMARY KEY,,,
fixflow,public,technician_applications,user_id,2,bigint,,FOREIGN KEY,public,users,id
fixflow,public,technician_applications,user_id,2,bigint,,UNIQUE,,,
fixflow,public,technician_applications,phone,3,character varying,255,,,,
fixflow,public,technician_applications,years_experience,4,smallint,,,,,
fixflow,public,technician_applications,specialties,5,character varying,255,,,,
fixflow,public,technician_applications,certification,6,character varying,255,,,,
fixflow,public,technician_applications,motivation,7,text,,,,,
fixflow,public,technician_applications,status,8,character varying,255,,,,
fixflow,public,technician_applications,admin_notes,9,text,,,,,
fixflow,public,technician_applications,reviewed_by,10,bigint,,FOREIGN KEY,public,users,id
fixflow,public,technician_applications,reviewed_at,11,timestamp without time zone,,,,,
fixflow,public,technician_applications,created_at,12,timestamp without time zone,,,,,
fixflow,public,technician_applications,updated_at,13,timestamp without time zone,,,,,
fixflow,public,technician_applications,document_path,14,character varying,255,,,,
fixflow,public,technician_applications,document_original_name,15,character varying,255,,,,
fixflow,public,users,id,1,bigint,,PRIMARY KEY,,,
fixflow,public,users,name,2,character varying,255,,,,
fixflow,public,users,email,3,character varying,255,UNIQUE,,,
fixflow,public,users,email_verified_at,4,timestamp without time zone,,,,,
fixflow,public,users,password,5,character varying,255,,,,
fixflow,public,users,remember_token,6,character varying,100,,,,
fixflow,public,users,created_at,7,timestamp without time zone,,,,,
fixflow,public,users,updated_at,8,timestamp without time zone,,,,,
fixflow,public,users,role,9,character varying,255,,,,
fixflow,public,warranties,id,1,bigint,,PRIMARY KEY,,,
fixflow,public,warranties,warranty_code,2,character varying,255,UNIQUE,,,
fixflow,public,warranties,repair_request_id,3,bigint,,FOREIGN KEY,public,repair_requests,id
fixflow,public,warranties,repair_request_id,3,bigint,,UNIQUE,,,
fixflow,public,warranties,user_id,4,bigint,,FOREIGN KEY,public,users,id
fixflow,public,warranties,start_date,5,date,,,,,
fixflow,public,warranties,end_date,6,date,,,,,
fixflow,public,warranties,created_at,7,timestamp without time zone,,,,,
fixflow,public,warranties,updated_at,8,timestamp without time zone,,,,,
